,Y,X
0,349,190
1,349,189
2,349,188
3,349,187
4,349,186
5,349,185
6,349,184
7,349,183
8,349,182
9,349,181
10,349,180
11,349,179
12,348,195
13,348,194
14,348,193
15,348,192
16,348,191
17,348,190
18,348,189
19,348,188
20,348,187
21,348,186
22,348,185
23,348,184
24,348,183
25,348,182
26,348,181
27,348,180
28,348,179
29,348,178
30,348,177
31,348,176
32,348,175
33,347,199
34,347,198
35,347,197
36,347,196
37,347,195
38,347,194
39,347,193
40,347,192
41,347,191
42,347,190
43,347,189
44,347,188
45,347,187
46,347,186
47,347,185
48,347,184
49,347,183
50,347,182
51,347,181
52,347,180
53,347,179
54,347,178
55,347,177
56,347,176
57,347,175
58,347,174
59,347,173
60,347,172
61,347,171
62,346,201
63,346,200
64,346,199
65,346,198
66,346,197
67,346,196
68,346,195
69,346,194
70,346,193
71,346,192
72,346,191
73,346,190
74,346,189
75,346,188
76,346,187
77,346,186
78,346,185
79,346,184
80,346,183
81,346,182
82,346,181
83,346,180
84,346,179
85,346,178
86,346,177
87,346,176
88,346,175
89,346,174
90,346,173
91,346,172
92,346,171
93,346,170
94,346,169
95,345,202
96,345,201
97,345,200
98,345,199
99,345,198
100,345,197
101,345,196
102,345,195
103,345,194
104,345,193
105,345,192
106,345,191
107,345,178
108,345,177
109,345,176
110,345,175
111,345,174
112,345,173
113,345,172
114,345,171
115,345,170
116,345,169
117,345,168
118,345,167
119,344,204
120,344,203
121,344,202
122,344,201
123,344,200
124,344,199
125,344,198
126,344,197
127,344,196
128,344,174
129,344,173
130,344,172
131,344,171
132,344,170
133,344,169
134,344,168
135,344,167
136,344,166
137,344,165
138,344,164
139,343,205
140,343,204
141,343,203
142,343,202
143,343,201
144,343,200
145,343,199
146,343,171
147,343,170
148,343,169
149,343,168
150,343,167
151,343,166
152,343,165
153,343,164
154,343,163
155,343,162
156,342,206
157,342,205
158,342,204
159,342,203
160,342,202
161,342,201
162,342,200
163,342,169
164,342,168
165,342,167
166,342,166
167,342,165
168,342,164
169,342,163
170,342,162
171,342,161
172,342,160
173,341,208
174,341,207
175,341,206
176,341,205
177,341,204
178,341,203
179,341,202
180,341,166
181,341,165
182,341,164
183,341,163
184,341,162
185,341,161
186,341,160
187,341,159
188,340,209
189,340,208
190,340,207
191,340,206
192,340,205
193,340,204
194,340,203
195,340,164
196,340,163
197,340,162
198,340,161
199,340,160
200,340,159
201,340,158
202,339,211
203,339,210
204,339,209
205,339,208
206,339,207
207,339,206
208,339,205
209,339,162
210,339,161
211,339,160
212,339,159
213,339,158
214,339,157
215,338,212
216,338,211
217,338,210
218,338,209
219,338,208
220,338,207
221,338,206
222,338,161
223,338,160
224,338,159
225,338,158
226,338,157
227,337,213
228,337,212
229,337,211
230,337,210
231,337,209
232,337,208
233,337,207
234,337,160
235,337,159
236,337,158
237,337,157
238,337,156
239,336,214
240,336,213
241,336,212
242,336,211
243,336,210
244,336,209
245,336,159
246,336,158
247,336,157
248,336,156
249,336,155
250,335,215
251,335,214
252,335,213
253,335,212
254,335,211
255,335,210
256,335,158
257,335,157
258,335,156
259,335,155
260,335,154
261,334,216
262,334,215
263,334,214
264,334,213
265,334,212
266,334,158
267,334,157
268,334,156
269,334,155
270,334,154
271,333,216
272,333,215
273,333,214
274,333,213
275,333,212
276,333,157
277,333,156
278,333,155
279,333,154
280,333,153
281,332,217
282,332,216
283,332,215
284,332,214
285,332,213
286,332,156
287,332,155
288,332,154
289,332,153
290,331,218
291,331,217
292,331,216
293,331,215
294,331,214
295,331,156
296,331,155
297,331,154
298,331,153
299,330,219
300,330,218
301,330,217
302,330,216
303,330,215
304,330,156
305,330,155
306,330,154
307,330,153
308,329,220
309,329,219
310,329,218
311,329,217
312,329,216
313,329,215
314,329,155
315,329,154
316,329,153
317,329,152
318,328,220
319,328,219
320,328,218
321,328,217
322,328,216
323,328,155
324,328,154
325,328,153
326,328,152
327,327,221
328,327,220
329,327,219
330,327,218
331,327,217
332,327,155
333,327,154
334,327,153
335,327,152
336,326,222
337,326,221
338,326,220
339,326,219
340,326,218
341,326,155
342,326,154
343,326,153
344,326,152
345,326,151
346,325,223
347,325,222
348,325,221
349,325,220
350,325,219
351,325,154
352,325,153
353,325,152
354,325,151
355,324,223
356,324,222
357,324,221
358,324,220
359,324,219
360,324,154
361,324,153
362,324,152
363,324,151
364,324,150
365,323,224
366,323,223
367,323,222
368,323,221
369,323,220
370,323,153
371,323,152
372,323,151
373,323,150
374,322,224
375,322,223
376,322,222
377,322,221
378,322,153
379,322,152
380,322,151
381,322,150
382,322,149
383,321,225
384,321,224
385,321,223
386,321,222
387,321,152
388,321,151
389,321,150
390,321,149
391,320,225
392,320,224
393,320,223
394,320,222
395,320,152
396,320,151
397,320,150
398,320,149
399,320,148
400,319,226
401,319,225
402,319,224
403,319,223
404,319,222
405,319,151
406,319,150
407,319,149
408,319,148
409,318,226
410,318,225
411,318,224
412,318,223
413,318,151
414,318,150
415,318,149
416,318,148
417,318,147
418,317,227
419,317,226
420,317,225
421,317,224
422,317,223
423,317,150
424,317,149
425,317,148
426,317,147
427,316,227
428,316,226
429,316,225
430,316,224
431,316,150
432,316,149
433,316,148
434,316,147
435,316,146
436,315,228
437,315,227
438,315,226
439,315,225
440,315,224
441,315,149
442,315,148
443,315,147
444,315,146
445,314,228
446,314,227
447,314,226
448,314,225
449,314,149
450,314,148
451,314,147
452,314,146
453,314,145
454,313,229
455,313,228
456,313,227
457,313,226
458,313,225
459,313,148
460,313,147
461,313,146
462,313,145
463,312,229
464,312,228
465,312,227
466,312,226
467,312,148
468,312,147
469,312,146
470,312,145
471,311,230
472,311,229
473,311,228
474,311,227
475,311,226
476,311,148
477,311,147
478,311,146
479,311,145
480,310,230
481,310,229
482,310,228
483,310,227
484,310,147
485,310,146
486,310,145
487,310,144
488,309,231
489,309,230
490,309,229
491,309,228
492,309,227
493,309,147
494,309,146
495,309,145
496,309,144
497,308,231
498,308,230
499,308,229
500,308,228
501,308,147
502,308,146
503,308,145
504,308,144
505,307,232
506,307,231
507,307,230
508,307,229
509,307,228
510,307,147
511,307,146
512,307,145
513,307,144
514,306,232
515,306,231
516,306,230
517,306,229
518,306,147
519,306,146
520,306,145
521,306,144
522,305,233
523,305,232
524,305,231
525,305,230
526,305,229
527,305,146
528,305,145
529,305,144
530,304,233
531,304,232
532,304,231
533,304,230
534,304,146
535,304,145
536,304,144
537,304,143
538,303,234
539,303,233
540,303,232
541,303,231
542,303,230
543,303,146
544,303,145
545,303,144
546,303,143
547,302,234
548,302,233
549,302,232
550,302,231
551,302,146
552,302,145
553,302,144
554,302,143
555,301,235
556,301,234
557,301,233
558,301,232
559,301,231
560,301,146
561,301,145
562,301,144
563,301,143
564,300,235
565,300,234
566,300,233
567,300,232
568,300,146
569,300,145
570,300,144
571,300,143
572,299,235
573,299,234
574,299,233
575,299,232
576,299,145
577,299,144
578,299,143
579,298,236
580,298,235
581,298,234
582,298,233
583,298,145
584,298,144
585,298,143
586,298,142
587,297,236
588,297,235
589,297,234
590,297,233
591,297,145
592,297,144
593,297,143
594,297,142
595,296,236
596,296,235
597,296,234
598,296,233
599,296,145
600,296,144
601,296,143
602,296,142
603,295,237
604,295,236
605,295,235
606,295,234
607,295,145
608,295,144
609,295,143
610,295,142
611,294,237
612,294,236
613,294,235
614,294,234
615,294,145
616,294,144
617,294,143
618,294,142
619,293,237
620,293,236
621,293,235
622,293,234
623,293,144
624,293,143
625,293,142
626,293,141
627,292,238
628,292,237
629,292,236
630,292,235
631,292,144
632,292,143
633,292,142
634,292,141
635,291,238
636,291,237
637,291,236
638,291,235
639,291,144
640,291,143
641,291,142
642,291,141
643,290,238
644,290,237
645,290,236
646,290,235
647,290,144
648,290,143
649,290,142
650,290,141
651,289,238
652,289,237
653,289,236
654,289,235
655,289,144
656,289,143
657,289,142
658,289,141
659,288,239
660,288,238
661,288,237
662,288,236
663,288,144
664,288,143
665,288,142
666,288,141
667,287,239
668,287,238
669,287,237
670,287,236
671,287,144
672,287,143
673,287,142
674,287,141
675,286,239
676,286,238
677,286,237
678,286,236
679,286,144
680,286,143
681,286,142
682,286,141
683,285,240
684,285,239
685,285,238
686,285,237
687,285,236
688,285,144
689,285,143
690,285,142
691,285,141
692,284,240
693,284,239
694,284,238
695,284,237
696,284,144
697,284,143
698,284,142
699,284,141
700,283,240
701,283,239
702,283,238
703,283,237
704,283,144
705,283,143
706,283,142
707,283,141
708,282,240
709,282,239
710,282,238
711,282,237
712,282,144
713,282,143
714,282,142
715,282,141
716,281,241
717,281,240
718,281,239
719,281,238
720,281,144
721,281,143
722,281,142
723,281,141
724,280,241
725,280,240
726,280,239
727,280,238
728,280,144
729,280,143
730,280,142
731,280,141
732,279,241
733,279,240
734,279,239
735,279,238
736,279,144
737,279,143
738,279,142
739,279,141
740,278,242
741,278,241
742,278,240
743,278,239
744,278,238
745,278,144
746,278,143
747,278,142
748,278,141
749,277,242
750,277,241
751,277,240
752,277,239
753,277,144
754,277,143
755,277,142
756,277,141
757,276,242
758,276,241
759,276,240
760,276,239
761,276,144
762,276,143
763,276,142
764,276,141
765,275,242
766,275,241
767,275,240
768,275,239
769,275,144
770,275,143
771,275,142
772,275,141
773,274,243
774,274,242
775,274,241
776,274,240
777,274,144
778,274,143
779,274,142
780,274,141
781,273,243
782,273,242
783,273,241
784,273,240
785,273,144
786,273,143
787,273,142
788,273,141
789,272,244
790,272,243
791,272,242
792,272,241
793,272,240
794,272,144
795,272,143
796,272,142
797,272,141
798,271,244
799,271,243
800,271,242
801,271,241
802,271,144
803,271,143
804,271,142
805,271,141
806,270,245
807,270,244
808,270,243
809,270,242
810,270,241
811,270,144
812,270,143
813,270,142
814,270,141
815,269,245
816,269,244
817,269,243
818,269,242
819,269,144
820,269,143
821,269,142
822,269,141
823,268,246
824,268,245
825,268,244
826,268,243
827,268,242
828,268,144
829,268,143
830,268,142
831,268,141
832,267,246
833,267,245
834,267,244
835,267,243
836,267,144
837,267,143
838,267,142
839,267,141
840,266,247
841,266,246
842,266,245
843,266,244
844,266,243
845,266,144
846,266,143
847,266,142
848,266,141
849,265,247
850,265,246
851,265,245
852,265,244
853,265,144
854,265,143
855,265,142
856,265,141
857,264,248
858,264,247
859,264,246
860,264,245
861,264,244
862,264,144
863,264,143
864,264,142
865,264,141
866,263,248
867,263,247
868,263,246
869,263,245
870,263,144
871,263,143
872,263,142
873,263,141
874,262,249
875,262,248
876,262,247
877,262,246
878,262,245
879,262,144
880,262,143
881,262,142
882,262,141
883,261,249
884,261,248
885,261,247
886,261,246
887,261,144
888,261,143
889,261,142
890,261,141
891,260,250
892,260,249
893,260,248
894,260,247
895,260,246
896,260,144
897,260,143
898,260,142
899,260,141
900,259,250
901,259,249
902,259,248
903,259,247
904,259,144
905,259,143
906,259,142
907,259,141
908,258,251
909,258,250
910,258,249
911,258,248
912,258,247
913,258,144
914,258,143
915,258,142
916,258,141
917,257,252
918,257,251
919,257,250
920,257,249
921,257,248
922,257,144
923,257,143
924,257,142
925,256,252
926,256,251
927,256,250
928,256,249
929,256,248
930,256,144
931,256,143
932,256,142
933,255,253
934,255,252
935,255,251
936,255,250
937,255,249
938,255,145
939,255,144
940,255,143
941,255,142
942,254,253
943,254,252
944,254,251
945,254,250
946,254,145
947,254,144
948,254,143
949,254,142
950,253,254
951,253,253
952,253,252
953,253,251
954,253,250
955,253,145
956,253,144
957,253,143
958,253,142
959,252,254
960,252,253
961,252,252
962,252,251
963,252,145
964,252,144
965,252,143
966,252,142
967,251,255
968,251,254
969,251,253
970,251,252
971,251,251
972,251,145
973,251,144
974,251,143
975,251,142
976,250,255
977,250,254
978,250,253
979,250,252
980,250,145
981,250,144
982,250,143
983,250,142
984,249,256
985,249,255
986,249,254
987,249,253
988,249,252
989,249,145
990,249,144
991,249,143
992,249,142
993,248,256
994,248,255
995,248,254
996,248,253
997,248,145
998,248,144
999,248,143
1000,248,142
1001,247,257
1002,247,256
1003,247,255
1004,247,254
1005,247,253
1006,247,145
1007,247,144
1008,247,143
1009,246,257
1010,246,256
1011,246,255
1012,246,254
1013,246,145
1014,246,144
1015,246,143
1016,245,258
1017,245,257
1018,245,256
1019,245,255
1020,245,254
1021,245,146
1022,245,145
1023,245,144
1024,245,143
1025,244,258
1026,244,257
1027,244,256
1028,244,255
1029,244,146
1030,244,145
1031,244,144
1032,244,143
1033,243,259
1034,243,258
1035,243,257
1036,243,256
1037,243,255
1038,243,146
1039,243,145
1040,243,144
1041,243,143
1042,242,259
1043,242,258
1044,242,257
1045,242,256
1046,242,146
1047,242,145
1048,242,144
1049,242,143
1050,241,260
1051,241,259
1052,241,258
1053,241,257
1054,241,256
1055,241,146
1056,241,145
1057,241,144
1058,241,143
1059,240,261
1060,240,260
1061,240,259
1062,240,258
1063,240,257
1064,240,146
1065,240,145
1066,240,144
1067,240,143
1068,239,261
1069,239,260
1070,239,259
1071,239,258
1072,239,146
1073,239,145
1074,239,144
1075,239,143
1076,238,262
1077,238,261
1078,238,260
1079,238,259
1080,238,258
1081,238,146
1082,238,145
1083,238,144
1084,238,143
1085,237,262
1086,237,261
1087,237,260
1088,237,259
1089,237,146
1090,237,145
1091,237,144
1092,236,263
1093,236,262
1094,236,261
1095,236,260
1096,236,259
1097,236,146
1098,236,145
1099,236,144
1100,235,264
1101,235,263
1102,235,262
1103,235,261
1104,235,260
1105,235,147
1106,235,146
1107,235,145
1108,235,144
1109,234,264
1110,234,263
1111,234,262
1112,234,261
1113,234,147
1114,234,146
1115,234,145
1116,234,144
1117,233,265
1118,233,264
1119,233,263
1120,233,262
1121,233,261
1122,233,147
1123,233,146
1124,233,145
1125,233,144
1126,232,265
1127,232,264
1128,232,263
1129,232,262
1130,232,147
1131,232,146
1132,232,145
1133,232,144
1134,231,266
1135,231,265
1136,231,264
1137,231,263
1138,231,262
1139,231,147
1140,231,146
1141,231,145
1142,231,144
1143,230,267
1144,230,266
1145,230,265
1146,230,264
1147,230,263
1148,230,147
1149,230,146
1150,230,145
1151,230,144
1152,229,267
1153,229,266
1154,229,265
1155,229,264
1156,229,147
1157,229,146
1158,229,145
1159,228,268
1160,228,267
1161,228,266
1162,228,265
1163,228,264
1164,228,148
1165,228,147
1166,228,146
1167,228,145
1168,227,268
1169,227,267
1170,227,266
1171,227,265
1172,227,148
1173,227,147
1174,227,146
1175,227,145
1176,226,269
1177,226,268
1178,226,267
1179,226,266
1180,226,265
1181,226,148
1182,226,147
1183,226,146
1184,226,145
1185,225,270
1186,225,269
1187,225,268
1188,225,267
1189,225,266
1190,225,148
1191,225,147
1192,225,146
1193,225,145
1194,224,270
1195,224,269
1196,224,268
1197,224,267
1198,224,148
1199,224,147
1200,224,146
1201,224,145
1202,223,271
1203,223,270
1204,223,269
1205,223,268
1206,223,267
1207,223,149
1208,223,148
1209,223,147
1210,223,146
1211,222,271
1212,222,270
1213,222,269
1214,222,268
1215,222,149
1216,222,148
1217,222,147
1218,222,146
1219,221,273
1220,221,272
1221,221,271
1222,221,270
1223,221,269
1224,221,268
1225,221,149
1226,221,148
1227,221,147
1228,221,146
1229,220,274
1230,220,273
1231,220,272
1232,220,271
1233,220,270
1234,220,269
1235,220,149
1236,220,148
1237,220,147
1238,220,146
1239,219,275
1240,219,274
1241,219,273
1242,219,272
1243,219,271
1244,219,270
1245,219,149
1246,219,148
1247,219,147
1248,219,146
1249,218,277
1250,218,276
1251,218,275
1252,218,274
1253,218,273
1254,218,272
1255,218,271
1256,218,150
1257,218,149
1258,218,148
1259,218,147
1260,217,278
1261,217,277
1262,217,276
1263,217,275
1264,217,274
1265,217,273
1266,217,272
1267,217,150
1268,217,149
1269,217,148
1270,217,147
1271,216,280
1272,216,279
1273,216,278
1274,216,277
1275,216,276
1276,216,275
1277,216,274
1278,216,150
1279,216,149
1280,216,148
1281,216,147
1282,215,281
1283,215,280
1284,215,279
1285,215,278
1286,215,277
1287,215,276
1288,215,275
1289,215,150
1290,215,149
1291,215,148
1292,215,147
1293,214,282
1294,214,281
1295,214,280
1296,214,279
1297,214,278
1298,214,277
1299,214,276
1300,214,150
1301,214,149
1302,214,148
1303,214,147
1304,213,284
1305,213,283
1306,213,282
1307,213,281
1308,213,280
1309,213,279
1310,213,278
1311,213,151
1312,213,150
1313,213,149
1314,213,148
1315,212,285
1316,212,284
1317,212,283
1318,212,282
1319,212,281
1320,212,280
1321,212,279
1322,212,151
1323,212,150
1324,212,149
1325,212,148
1326,211,288
1327,211,287
1328,211,286
1329,211,285
1330,211,284
1331,211,283
1332,211,282
1333,211,281
1334,211,151
1335,211,150
1336,211,149
1337,211,148
1338,210,294
1339,210,293
1340,210,292
1341,210,291
1342,210,290
1343,210,289
1344,210,288
1345,210,287
1346,210,286
1347,210,285
1348,210,284
1349,210,283
1350,210,282
1351,210,151
1352,210,150
1353,210,149
1354,210,148
1355,209,300
1356,209,299
1357,209,298
1358,209,297
1359,209,296
1360,209,295
1361,209,294
1362,209,293
1363,209,292
1364,209,291
1365,209,290
1366,209,289
1367,209,288
1368,209,287
1369,209,286
1370,209,285
1371,209,284
1372,209,283
1373,209,151
1374,209,150
1375,209,149
1376,209,148
1377,208,303
1378,208,302
1379,208,301
1380,208,300
1381,208,299
1382,208,298
1383,208,297
1384,208,296
1385,208,295
1386,208,294
1387,208,293
1388,208,292
1389,208,291
1390,208,290
1391,208,289
1392,208,288
1393,208,287
1394,208,286
1395,208,285
1396,208,151
1397,208,150
1398,208,149
1399,207,349
1400,207,348
1401,207,347
1402,207,346
1403,207,306
1404,207,305
1405,207,304
1406,207,303
1407,207,302
1408,207,301
1409,207,300
1410,207,299
1411,207,298
1412,207,297
1413,207,296
1414,207,295
1415,207,294
1416,207,293
1417,207,292
1418,207,291
1419,207,290
1420,207,152
1421,207,151
1422,207,150
1423,207,149
1424,206,350
1425,206,349
1426,206,348
1427,206,347
1428,206,346
1429,206,345
1430,206,344
1431,206,309
1432,206,308
1433,206,307
1434,206,306
1435,206,305
1436,206,304
1437,206,303
1438,206,302
1439,206,301
1440,206,300
1441,206,299
1442,206,298
1443,206,297
1444,206,296
1445,206,152
1446,206,151
1447,206,150
1448,206,149
1449,205,350
1450,205,349
1451,205,348
1452,205,347
1453,205,346
1454,205,345
1455,205,344
1456,205,343
1457,205,342
1458,205,341
1459,205,313
1460,205,312
1461,205,311
1462,205,310
1463,205,309
1464,205,308
1465,205,307
1466,205,306
1467,205,305
1468,205,304
1469,205,303
1470,205,302
1471,205,301
1472,205,300
1473,205,152
1474,205,151
1475,205,150
1476,205,149
1477,204,350
1478,204,349
1479,204,348
1480,204,347
1481,204,346
1482,204,345
1483,204,344
1484,204,343
1485,204,342
1486,204,341
1487,204,340
1488,204,339
1489,204,338
1490,204,337
1491,204,336
1492,204,335
1493,204,334
1494,204,333
1495,204,332
1496,204,331
1497,204,330
1498,204,329
1499,204,328
1500,204,327
1501,204,326
1502,204,325
1503,204,324
1504,204,323
1505,204,322
1506,204,321
1507,204,320
1508,204,319
1509,204,318
1510,204,317
1511,204,316
1512,204,315
1513,204,314
1514,204,313
1515,204,312
1516,204,311
1517,204,310
1518,204,309
1519,204,308
1520,204,307
1521,204,306
1522,204,305
1523,204,304
1524,204,152
1525,204,151
1526,204,150
1527,204,149
1528,203,346
1529,203,345
1530,203,344
1531,203,343
1532,203,342
1533,203,341
1534,203,340
1535,203,339
1536,203,338
1537,203,337
1538,203,336
1539,203,335
1540,203,334
1541,203,333
1542,203,332
1543,203,331
1544,203,330
1545,203,329
1546,203,328
1547,203,327
1548,203,326
1549,203,325
1550,203,324
1551,203,323
1552,203,322
1553,203,321
1554,203,320
1555,203,319
1556,203,318
1557,203,317
1558,203,316
1559,203,315
1560,203,314
1561,203,313
1562,203,312
1563,203,311
1564,203,310
1565,203,309
1566,203,308
1567,203,307
1568,203,152
1569,203,151
1570,203,150
1571,203,149
1572,202,343
1573,202,342
1574,202,341
1575,202,340
1576,202,339
1577,202,338
1578,202,337
1579,202,336
1580,202,335
1581,202,334
1582,202,333
1583,202,332
1584,202,331
1585,202,330
1586,202,329
1587,202,328
1588,202,327
1589,202,326
1590,202,325
1591,202,324
1592,202,323
1593,202,322
1594,202,321
1595,202,320
1596,202,319
1597,202,318
1598,202,317
1599,202,316
1600,202,315
1601,202,314
1602,202,313
1603,202,312
1604,202,311
1605,202,310
1606,202,152
1607,202,151
1608,202,150
1609,201,340
1610,201,339
1611,201,338
1612,201,337
1613,201,336
1614,201,335
1615,201,334
1616,201,333
1617,201,332
1618,201,331
1619,201,330
1620,201,329
1621,201,328
1622,201,327
1623,201,326
1624,201,325
1625,201,324
1626,201,323
1627,201,322
1628,201,321
1629,201,320
1630,201,319
1631,201,318
1632,201,317
1633,201,316
1634,201,315
1635,201,314
1636,201,313
1637,201,153
1638,201,152
1639,201,151
1640,201,150
1641,200,153
1642,200,152
1643,200,151
1644,200,150
1645,199,153
1646,199,152
1647,199,151
1648,199,150
1649,198,153
1650,198,152
1651,198,151
1652,198,150
1653,197,153
1654,197,152
1655,197,151
1656,197,150
1657,196,153
1658,196,152
1659,196,151
1660,196,150
1661,195,154
1662,195,153
1663,195,152
1664,195,151
1665,194,154
1666,194,153
1667,194,152
1668,194,151
1669,193,154
1670,193,153
1671,193,152
1672,193,151
1673,192,154
1674,192,153
1675,192,152
1676,192,151
1677,191,154
1678,191,153
1679,191,152
1680,191,151
1681,190,154
1682,190,153
1683,190,152
1684,190,151
1685,189,154
1686,189,153
1687,189,152
1688,189,151
1689,188,155
1690,188,154
1691,188,153
1692,188,152
1693,187,155
1694,187,154
1695,187,153
1696,187,152
1697,186,155
1698,186,154
1699,186,153
1700,186,152
1701,185,155
1702,185,154
1703,185,153
1704,185,152
1705,184,155
1706,184,154
1707,184,153
1708,184,152
1709,183,155
1710,183,154
1711,183,153
1712,183,152
1713,182,155
1714,182,154
1715,182,153
1716,181,156
1717,181,155
1718,181,154
1719,181,153
1720,180,156
1721,180,155
1722,180,154
1723,180,153
1724,179,156
1725,179,155
1726,179,154
1727,179,153
1728,178,156
1729,178,155
1730,178,154
1731,178,153
1732,177,156
1733,177,155
1734,177,154
1735,177,153
1736,176,156
1737,176,155
1738,176,154
1739,176,153
1740,175,156
1741,175,155
1742,175,154
1743,175,153
1744,174,156
1745,174,155
1746,174,154
1747,174,153
1748,173,156
1749,173,155
1750,173,154
1751,173,153
1752,172,156
1753,172,155
1754,172,154
1755,172,153
1756,171,156
1757,171,155
1758,171,154
1759,171,153
1760,170,156
1761,170,155
1762,170,154
1763,170,153
1764,169,156
1765,169,155
1766,169,154
1767,169,153
1768,168,156
1769,168,155
1770,168,154
1771,168,153
1772,167,156
1773,167,155
1774,167,154
1775,167,153
1776,166,156
1777,166,155
1778,166,154
1779,166,153
1780,165,156
1781,165,155
1782,165,154
1783,165,153
1784,164,156
1785,164,155
1786,164,154
1787,164,153
1788,163,156
1789,163,155
1790,163,154
1791,163,153
1792,162,156
1793,162,155
1794,162,154
1795,162,153
1796,161,156
1797,161,155
1798,161,154
1799,161,153
1800,160,156
1801,160,155
1802,160,154
1803,160,153
1804,159,156
1805,159,155
1806,159,154
1807,159,153
1808,158,156
1809,158,155
1810,158,154
1811,158,153
1812,157,156
1813,157,155
1814,157,154
1815,157,153
1816,156,156
1817,156,155
1818,156,154
1819,156,153
1820,155,156
1821,155,155
1822,155,154
1823,155,153
1824,154,156
1825,154,155
1826,154,154
1827,154,153
1828,153,156
1829,153,155
1830,153,154
1831,153,153
1832,153,152
1833,152,156
1834,152,155
1835,152,154
1836,152,153
1837,152,152
1838,152,151
1839,151,155
1840,151,154
1841,151,153
1842,151,152
1843,151,151
1844,151,150
1845,150,154
1846,150,153
1847,150,152
1848,150,151
1849,150,150
1850,150,149
1851,149,153
1852,149,152
1853,149,151
1854,149,150
1855,149,149
1856,149,148
1857,148,152
1858,148,151
1859,148,150
1860,148,149
1861,148,148
1862,147,151
1863,147,150
1864,147,149
1865,147,148
1866,147,147
1867,146,150
1868,146,149
1869,146,148
1870,146,147
1871,146,146
1872,145,149
1873,145,148
1874,145,147
1875,145,146
1876,145,145
1877,144,149
1878,144,148
1879,144,147
1880,144,146
1881,144,145
1882,144,144
1883,143,148
1884,143,147
1885,143,146
1886,143,145
1887,143,144
1888,143,143
1889,142,147
1890,142,146
1891,142,145
1892,142,144
1893,142,143
1894,142,142
1895,141,146
1896,141,145
1897,141,144
1898,141,143
1899,141,142
1900,140,145
1901,140,144
1902,140,143
1903,140,142
1904,140,141
1905,139,144
1906,139,143
1907,139,142
1908,139,141
1909,138,143
1910,138,142
1911,138,141
1912,138,140
1913,137,143
1914,137,142
1915,137,141
1916,137,140
1917,136,142
1918,136,141
1919,136,140
1920,136,139
1921,135,142
1922,135,141
1923,135,140
1924,135,139
1925,134,141
1926,134,140
1927,134,139
1928,134,138
1929,133,141
1930,133,140
1931,133,139
1932,133,138
1933,132,140
1934,132,139
1935,132,138
1936,132,137
1937,131,140
1938,131,139
1939,131,138
1940,131,137
1941,131,136
1942,130,139
1943,130,138
1944,130,137
1945,130,136
1946,130,135
1947,129,138
1948,129,137
1949,129,136
1950,129,135
1951,129,134
1952,128,137
1953,128,136
1954,128,135
1955,128,134
1956,128,133
1957,127,137
1958,127,136
1959,127,135
1960,127,134
1961,127,133
1962,127,132
1963,126,136
1964,126,135
1965,126,134
1966,126,133
1967,126,132
1968,126,131
1969,125,135
1970,125,134
1971,125,133
1972,125,132
1973,125,131
1974,125,130
1975,124,134
1976,124,133
1977,124,132
1978,124,131
1979,124,130
1980,124,129
1981,123,133
1982,123,132
1983,123,131
1984,123,130
1985,123,129
1986,123,128
1987,122,132
1988,122,131
1989,122,130
1990,122,129
1991,122,128
1992,122,127
1993,121,131
1994,121,130
1995,121,129
1996,121,128
1997,121,127
1998,121,126
1999,120,130
2000,120,129
2001,120,128
2002,120,127
2003,120,126
2004,120,125
2005,119,129
2006,119,128
2007,119,127
2008,119,126
2009,119,125
2010,119,124
2011,118,128
2012,118,127
2013,118,126
2014,118,125
2015,118,124
2016,118,123
2017,117,127
2018,117,126
2019,117,125
2020,117,124
2021,117,123
2022,117,122
2023,116,126
2024,116,125
2025,116,124
2026,116,123
2027,116,122
2028,116,121
2029,115,125
2030,115,124
2031,115,123
2032,115,122
2033,115,121
2034,115,120
2035,114,124
2036,114,123
2037,114,122
2038,114,121
2039,114,120
2040,113,123
2041,113,122
2042,113,121
2043,113,120
2044,113,119
2045,112,122
2046,112,121
2047,112,120
2048,112,119
2049,112,118
2050,112,117
2051,111,121
2052,111,120
2053,111,119
2054,111,118
2055,111,117
2056,111,116
2057,111,115
2058,110,120
2059,110,119
2060,110,118
2061,110,117
2062,110,116
2063,110,115
2064,110,114
2065,110,113
2066,109,119
2067,109,118
2068,109,117
2069,109,116
2070,109,115
2071,109,114
2072,109,113
2073,109,112
2074,109,111
2075,108,117
2076,108,116
2077,108,115
2078,108,114
2079,108,113
2080,108,112
2081,108,111
2082,108,110
2083,108,109
2084,107,115
2085,107,114
2086,107,113
2087,107,112
2088,107,111
2089,107,110
2090,107,109
2091,107,108
2092,107,107
2093,107,106
2094,106,113
2095,106,112
2096,106,111
2097,106,110
2098,106,109
2099,106,108
2100,106,107
2101,106,106
2102,106,105
2103,106,104
2104,105,111
2105,105,110
2106,105,109
2107,105,108
2108,105,107
2109,105,106
2110,105,105
2111,105,104
2112,105,103
2113,105,102
2114,104,108
2115,104,107
2116,104,106
2117,104,105
2118,104,104
2119,104,103
2120,104,102
2121,104,101
2122,104,100
2123,103,106
2124,103,105
2125,103,104
2126,103,103
2127,103,102
2128,103,101
2129,103,100
2130,103,99
2131,103,98
2132,103,97
2133,102,104
2134,102,103
2135,102,102
2136,102,101
2137,102,100
2138,102,99
2139,102,98
2140,102,97
2141,102,96
2142,102,95
2143,101,102
2144,101,101
2145,101,100
2146,101,99
2147,101,98
2148,101,97
2149,101,96
2150,101,95
2151,101,94
2152,101,93
2153,101,92
2154,101,9
2155,101,8
2156,101,7
2157,101,6
2158,100,100
2159,100,99
2160,100,98
2161,100,97
2162,100,96
2163,100,95
2164,100,94
2165,100,93
2166,100,92
2167,100,91
2168,100,90
2169,100,89
2170,100,14
2171,100,13
2172,100,12
2173,100,11
2174,100,10
2175,100,9
2176,100,8
2177,100,7
2178,100,6
2179,100,5
2180,99,97
2181,99,96
2182,99,95
2183,99,94
2184,99,93
2185,99,92
2186,99,91
2187,99,90
2188,99,89
2189,99,88
2190,99,87
2191,99,19
2192,99,18
2193,99,17
2194,99,16
2195,99,15
2196,99,14
2197,99,13
2198,99,12
2199,99,11
2200,99,10
2201,99,9
2202,99,8
2203,99,7
2204,99,6
2205,99,5
2206,98,94
2207,98,93
2208,98,92
2209,98,91
2210,98,90
2211,98,89
2212,98,88
2213,98,87
2214,98,86
2215,98,85
2216,98,84
2217,98,25
2218,98,24
2219,98,23
2220,98,22
2221,98,21
2222,98,20
2223,98,19
2224,98,18
2225,98,17
2226,98,16
2227,98,15
2228,98,14
2229,98,13
2230,98,12
2231,98,11
2232,98,10
2233,98,9
2234,98,8
2235,98,7
2236,98,6
2237,97,92
2238,97,91
2239,97,90
2240,97,89
2241,97,88
2242,97,87
2243,97,86
2244,97,85
2245,97,84
2246,97,83
2247,97,82
2248,97,81
2249,97,80
2250,97,79
2251,97,78
2252,97,77
2253,97,76
2254,97,75
2255,97,74
2256,97,73
2257,97,72
2258,97,71
2259,97,70
2260,97,69
2261,97,68
2262,97,67
2263,97,66
2264,97,65
2265,97,64
2266,97,63
2267,97,30
2268,97,29
2269,97,28
2270,97,27
2271,97,26
2272,97,25
2273,97,24
2274,97,23
2275,97,22
2276,97,21
2277,97,20
2278,97,19
2279,97,18
2280,97,17
2281,97,16
2282,97,15
2283,97,14
2284,97,13
2285,97,12
2286,97,11
2287,97,10
2288,97,9
2289,97,8
2290,97,7
2291,97,6
2292,96,89
2293,96,88
2294,96,87
2295,96,86
2296,96,85
2297,96,84
2298,96,83
2299,96,82
2300,96,81
2301,96,80
2302,96,79
2303,96,78
2304,96,77
2305,96,76
2306,96,75
2307,96,74
2308,96,73
2309,96,72
2310,96,71
2311,96,70
2312,96,69
2313,96,68
2314,96,67
2315,96,66
2316,96,65
2317,96,64
2318,96,63
2319,96,62
2320,96,61
2321,96,60
2322,96,59
2323,96,58
2324,96,46
2325,96,45
2326,96,44
2327,96,43
2328,96,42
2329,96,41
2330,96,40
2331,96,39
2332,96,38
2333,96,37
2334,96,36
2335,96,35
2336,96,34
2337,96,33
2338,96,32
2339,96,31
2340,96,30
2341,96,29
2342,96,28
2343,96,27
2344,96,26
2345,96,25
2346,96,24
2347,96,23
2348,96,22
2349,96,21
2350,96,20
2351,96,19
2352,96,18
2353,96,17
2354,96,16
2355,96,15
2356,96,11
2357,96,10
2358,96,9
2359,96,8
2360,96,7
2361,95,86
2362,95,85
2363,95,84
2364,95,83
2365,95,82
2366,95,81
2367,95,80
2368,95,79
2369,95,78
2370,95,77
2371,95,76
2372,95,75
2373,95,74
2374,95,73
2375,95,72
2376,95,71
2377,95,70
2378,95,69
2379,95,68
2380,95,67
2381,95,66
2382,95,65
2383,95,64
2384,95,63
2385,95,62
2386,95,61
2387,95,60
2388,95,59
2389,95,58
2390,95,57
2391,95,56
2392,95,55
2393,95,54
2394,95,53
2395,95,52
2396,95,51
2397,95,50
2398,95,49
2399,95,48
2400,95,47
2401,95,46
2402,95,45
2403,95,44
2404,95,43
2405,95,42
2406,95,41
2407,95,40
2408,95,39
2409,95,38
2410,95,37
2411,95,36
2412,95,35
2413,95,34
2414,95,33
2415,95,32
2416,95,31
2417,95,30
2418,95,29
2419,95,28
2420,95,27
2421,95,26
2422,95,25
2423,95,24
2424,95,23
2425,95,22
2426,95,21
2427,95,12
2428,95,11
2429,95,10
2430,95,9
2431,95,8
2432,94,84
2433,94,83
2434,94,82
2435,94,81
2436,94,80
2437,94,79
2438,94,78
2439,94,77
2440,94,76
2441,94,75
2442,94,74
2443,94,73
2444,94,72
2445,94,71
2446,94,70
2447,94,69
2448,94,68
2449,94,67
2450,94,66
2451,94,65
2452,94,64
2453,94,63
2454,94,62
2455,94,61
2456,94,60
2457,94,59
2458,94,58
2459,94,57
2460,94,56
2461,94,55
2462,94,54
2463,94,53
2464,94,52
2465,94,51
2466,94,50
2467,94,49
2468,94,48
2469,94,47
2470,94,46
2471,94,45
2472,94,44
2473,94,43
2474,94,42
2475,94,41
2476,94,40
2477,94,39
2478,94,38
2479,94,37
2480,94,36
2481,94,35
2482,94,34
2483,94,33
2484,94,32
2485,94,31
2486,94,30
2487,94,29
2488,94,28
2489,94,27
2490,94,26
2491,94,13
2492,94,12
2493,94,11
2494,94,10
2495,94,9
2496,93,61
2497,93,60
2498,93,59
2499,93,58
2500,93,57
2501,93,56
2502,93,55
2503,93,54
2504,93,53
2505,93,52
2506,93,51
2507,93,50
2508,93,49
2509,93,48
2510,93,47
2511,93,46
2512,93,45
2513,93,44
2514,93,43
2515,93,42
2516,93,41
2517,93,40
2518,93,39
2519,93,38
2520,93,37
2521,93,36
2522,93,35
2523,93,34
2524,93,33
2525,93,32
2526,93,31
2527,93,14
2528,93,13
2529,93,12
2530,93,11
2531,93,10
2532,92,56
2533,92,55
2534,92,54
2535,92,53
2536,92,52
2537,92,51
2538,92,50
2539,92,15
2540,92,14
2541,92,13
2542,92,12
2543,92,11
2544,92,10
2545,91,16
2546,91,15
2547,91,14
2548,91,13
2549,91,12
2550,91,11
2551,90,16
2552,90,15
2553,90,14
2554,90,13
2555,90,12
2556,89,17
2557,89,16
2558,89,15
2559,89,14
2560,89,13
2561,88,18
2562,88,17
2563,88,16
2564,88,15
2565,88,14
2566,87,19
2567,87,18
2568,87,17
2569,87,16
2570,87,15
2571,86,20
2572,86,19
2573,86,18
2574,86,17
2575,86,16
2576,86,15
2577,85,22
2578,85,21
2579,85,20
2580,85,19
2581,85,18
2582,85,17
2583,85,16
2584,84,28
2585,84,27
2586,84,26
2587,84,25
2588,84,24
2589,84,23
2590,84,22
2591,84,21
2592,84,20
2593,84,19
2594,84,18
2595,84,17
2596,83,33
2597,83,32
2598,83,31
2599,83,30
2600,83,29
2601,83,28
2602,83,27
2603,83,26
2604,83,25
2605,83,24
2606,83,23
2607,83,22
2608,83,21
2609,83,20
2610,83,19
2611,83,18
2612,82,39
2613,82,38
2614,82,37
2615,82,36
2616,82,35
2617,82,34
2618,82,33
2619,82,32
2620,82,31
2621,82,30
2622,82,29
2623,82,28
2624,82,27
2625,82,26
2626,82,25
2627,82,24
2628,82,23
2629,82,22
2630,82,21
2631,82,20
2632,82,19
2633,81,45
2634,81,44
2635,81,43
2636,81,42
2637,81,41
2638,81,40
2639,81,39
2640,81,38
2641,81,37
2642,81,36
2643,81,35
2644,81,34
2645,81,33
2646,81,32
2647,81,31
2648,81,30
2649,81,29
2650,81,28
2651,81,27
2652,81,26
2653,81,25
2654,81,24
2655,81,23
2656,80,51
2657,80,50
2658,80,49
2659,80,48
2660,80,47
2661,80,46
2662,80,45
2663,80,44
2664,80,43
2665,80,42
2666,80,41
2667,80,40
2668,80,39
2669,80,38
2670,80,37
2671,80,36
2672,80,35
2673,80,34
2674,80,33
2675,80,32
2676,80,31
2677,80,30
2678,80,29
2679,79,56
2680,79,55
2681,79,54
2682,79,53
2683,79,52
2684,79,51
2685,79,50
2686,79,49
2687,79,48
2688,79,47
2689,79,46
2690,79,45
2691,79,44
2692,79,43
2693,79,42
2694,79,41
2695,79,40
2696,79,39
2697,79,38
2698,79,37
2699,79,36
2700,79,35
2701,78,62
2702,78,61
2703,78,60
2704,78,59
2705,78,58
2706,78,57
2707,78,56
2708,78,55
2709,78,54
2710,78,53
2711,78,52
2712,78,51
2713,78,50
2714,78,49
2715,78,48
2716,78,47
2717,78,46
2718,78,45
2719,78,44
2720,78,43
2721,78,42
2722,78,41
2723,77,67
2724,77,66
2725,77,65
2726,77,64
2727,77,63
2728,77,62
2729,77,61
2730,77,60
2731,77,59
2732,77,58
2733,77,57
2734,77,56
2735,77,55
2736,77,54
2737,77,53
2738,77,52
2739,77,51
2740,77,50
2741,77,49
2742,77,48
2743,77,47
2744,77,46
2745,76,72
2746,76,71
2747,76,70
2748,76,69
2749,76,68
2750,76,67
2751,76,66
2752,76,65
2753,76,64
2754,76,63
2755,76,62
2756,76,61
2757,76,60
2758,76,59
2759,76,58
2760,76,57
2761,76,56
2762,76,55
2763,76,54
2764,76,53
2765,76,52
2766,75,77
2767,75,76
2768,75,75
2769,75,74
2770,75,73
2771,75,72
2772,75,71
2773,75,70
2774,75,69
2775,75,68
2776,75,67
2777,75,66
2778,75,65
2779,75,64
2780,75,63
2781,75,62
2782,75,61
2783,75,60
2784,75,59
2785,75,58
2786,74,83
2787,74,82
2788,74,81
2789,74,80
2790,74,79
2791,74,78
2792,74,77
2793,74,76
2794,74,75
2795,74,74
2796,74,73
2797,74,72
2798,74,71
2799,74,70
2800,74,69
2801,74,68
2802,74,67
2803,74,66
2804,74,65
2805,74,64
2806,74,63
2807,73,88
2808,73,87
2809,73,86
2810,73,85
2811,73,84
2812,73,83
2813,73,82
2814,73,81
2815,73,80
2816,73,79
2817,73,78
2818,73,77
2819,73,76
2820,73,75
2821,73,74
2822,73,73
2823,73,72
2824,73,71
2825,73,70
2826,73,69
2827,73,68
2828,72,93
2829,72,92
2830,72,91
2831,72,90
2832,72,89
2833,72,88
2834,72,87
2835,72,86
2836,72,85
2837,72,84
2838,72,83
2839,72,82
2840,72,81
2841,72,80
2842,72,79
2843,72,78
2844,72,77
2845,72,76
2846,72,75
2847,72,74
2848,72,73
2849,71,98
2850,71,97
2851,71,96
2852,71,95
2853,71,94
2854,71,93
2855,71,92
2856,71,91
2857,71,90
2858,71,89
2859,71,88
2860,71,87
2861,71,86
2862,71,85
2863,71,84
2864,71,83
2865,71,82
2866,71,81
2867,71,80
2868,71,79
2869,70,104
2870,70,103
2871,70,102
2872,70,101
2873,70,100
2874,70,99
2875,70,98
2876,70,97
2877,70,96
2878,70,95
2879,70,94
2880,70,93
2881,70,92
2882,70,91
2883,70,90
2884,70,89
2885,70,88
2886,70,87
2887,70,86
2888,70,85
2889,70,84
2890,69,110
2891,69,109
2892,69,108
2893,69,107
2894,69,106
2895,69,105
2896,69,104
2897,69,103
2898,69,102
2899,69,101
2900,69,100
2901,69,99
2902,69,98
2903,69,97
2904,69,96
2905,69,95
2906,69,94
2907,69,93
2908,69,92
2909,69,91
2910,69,90
2911,69,89
2912,68,115
2913,68,114
2914,68,113
2915,68,112
2916,68,111
2917,68,110
2918,68,109
2919,68,108
2920,68,107
2921,68,106
2922,68,105
2923,68,104
2924,68,103
2925,68,102
2926,68,101
2927,68,100
2928,68,99
2929,68,98
2930,68,97
2931,68,96
2932,68,95
2933,68,94
2934,67,121
2935,67,120
2936,67,119
2937,67,118
2938,67,117
2939,67,116
2940,67,115
2941,67,114
2942,67,113
2943,67,112
2944,67,111
2945,67,110
2946,67,109
2947,67,108
2948,67,107
2949,67,106
2950,67,105
2951,67,104
2952,67,103
2953,67,102
2954,67,101
2955,67,100
2956,66,127
2957,66,126
2958,66,125
2959,66,124
2960,66,123
2961,66,122
2962,66,121
2963,66,120
2964,66,119
2965,66,118
2966,66,117
2967,66,116
2968,66,115
2969,66,114
2970,66,113
2971,66,112
2972,66,111
2973,66,110
2974,66,109
2975,66,108
2976,66,107
2977,66,106
2978,66,105
2979,65,133
2980,65,132
2981,65,131
2982,65,130
2983,65,129
2984,65,128
2985,65,127
2986,65,126
2987,65,125
2988,65,124
2989,65,123
2990,65,122
2991,65,121
2992,65,120
2993,65,119
2994,65,118
2995,65,117
2996,65,116
2997,65,115
2998,65,114
2999,65,113
3000,65,112
3001,65,111
3002,64,139
3003,64,138
3004,64,137
3005,64,136
3006,64,135
3007,64,134
3008,64,133
3009,64,132
3010,64,131
3011,64,130
3012,64,129
3013,64,128
3014,64,127
3015,64,126
3016,64,125
3017,64,124
3018,64,123
3019,64,122
3020,64,121
3021,64,120
3022,64,119
3023,64,118
3024,64,117
3025,63,145
3026,63,144
3027,63,143
3028,63,142
3029,63,141
3030,63,140
3031,63,139
3032,63,138
3033,63,137
3034,63,136
3035,63,135
3036,63,134
3037,63,133
3038,63,132
3039,63,131
3040,63,130
3041,63,129
3042,63,128
3043,63,127
3044,63,126
3045,63,125
3046,63,124
3047,63,123
3048,62,152
3049,62,151
3050,62,150
3051,62,149
3052,62,148
3053,62,147
3054,62,146
3055,62,145
3056,62,144
3057,62,143
3058,62,142
3059,62,141
3060,62,140
3061,62,139
3062,62,138
3063,62,137
3064,62,136
3065,62,135
3066,62,134
3067,62,133
3068,62,132
3069,62,131
3070,62,130
3071,62,129
3072,61,162
3073,61,161
3074,61,160
3075,61,159
3076,61,158
3077,61,157
3078,61,156
3079,61,155
3080,61,154
3081,61,153
3082,61,152
3083,61,151
3084,61,150
3085,61,149
3086,61,148
3087,61,147
3088,61,146
3089,61,145
3090,61,144
3091,61,143
3092,61,142
3093,61,141
3094,61,140
3095,61,139
3096,61,138
3097,61,137
3098,61,136
3099,61,135
3100,60,171
3101,60,170
3102,60,169
3103,60,168
3104,60,167
3105,60,166
3106,60,165
3107,60,164
3108,60,163
3109,60,162
3110,60,161
3111,60,160
3112,60,159
3113,60,158
3114,60,157
3115,60,156
3116,60,155
3117,60,154
3118,60,153
3119,60,152
3120,60,151
3121,60,150
3122,60,149
3123,60,148
3124,60,147
3125,60,146
3126,60,145
3127,60,144
3128,60,143
3129,60,142
3130,60,141
3131,60,140
3132,59,181
3133,59,180
3134,59,179
3135,59,178
3136,59,177
3137,59,176
3138,59,175
3139,59,174
3140,59,173
3141,59,172
3142,59,171
3143,59,170
3144,59,169
3145,59,168
3146,59,167
3147,59,166
3148,59,165
3149,59,164
3150,59,163
3151,59,162
3152,59,161
3153,59,160
3154,59,159
3155,59,158
3156,59,157
3157,59,156
3158,59,155
3159,59,154
3160,59,153
3161,59,152
3162,59,151
3163,59,150
3164,59,149
3165,59,148
3166,59,147
3167,59,146
3168,58,190
3169,58,189
3170,58,188
3171,58,187
3172,58,186
3173,58,185
3174,58,184
3175,58,183
3176,58,182
3177,58,181
3178,58,180
3179,58,179
3180,58,178
3181,58,177
3182,58,176
3183,58,175
3184,58,174
3185,58,173
3186,58,172
3187,58,171
3188,58,170
3189,58,169
3190,58,168
3191,58,167
3192,58,166
3193,58,165
3194,58,164
3195,58,163
3196,58,162
3197,58,161
3198,58,160
3199,58,159
3200,58,158
3201,58,157
3202,58,156
3203,58,155
3204,57,197
3205,57,196
3206,57,195
3207,57,194
3208,57,193
3209,57,192
3210,57,191
3211,57,190
3212,57,189
3213,57,188
3214,57,187
3215,57,186
3216,57,185
3217,57,184
3218,57,183
3219,57,182
3220,57,181
3221,57,180
3222,57,179
3223,57,178
3224,57,177
3225,57,176
3226,57,175
3227,57,174
3228,57,173
3229,57,172
3230,57,171
3231,57,170
3232,57,169
3233,57,168
3234,57,167
3235,57,166
3236,57,165
3237,57,164
3238,56,199
3239,56,198
3240,56,197
3241,56,196
3242,56,195
3243,56,194
3244,56,193
3245,56,192
3246,56,191
3247,56,190
3248,56,189
3249,56,188
3250,56,187
3251,56,186
3252,56,185
3253,56,184
3254,56,183
3255,56,182
3256,56,181
3257,56,180
3258,56,179
3259,56,178
3260,56,177
3261,56,176
3262,56,175
3263,56,174
3264,55,200
3265,55,199
3266,55,198
3267,55,197
3268,55,196
3269,55,195
3270,55,194
3271,55,193
3272,55,192
3273,55,191
3274,55,190
3275,55,189
3276,55,188
3277,55,187
3278,55,186
3279,55,185
3280,55,184
3281,55,183
3282,54,201
3283,54,200
3284,54,199
3285,54,198
3286,54,197
3287,54,196
3288,54,195
3289,54,194
3290,54,193
3291,53,202
3292,53,201
3293,53,200
3294,53,199
3295,53,198
3296,53,197
3297,52,204
3298,52,203
3299,52,202
3300,52,201
3301,52,200
3302,52,199
3303,52,198
3304,51,205
3305,51,204
3306,51,203
3307,51,202
3308,51,201
3309,51,200
3310,51,199
3311,50,206
3312,50,205
3313,50,204
3314,50,203
3315,50,202
3316,50,201
3317,49,207
3318,49,206
3319,49,205
3320,49,204
3321,49,203
3322,49,202
3323,48,209
3324,48,208
3325,48,207
3326,48,206
3327,48,205
3328,48,204
3329,48,203
3330,47,210
3331,47,209
3332,47,208
3333,47,207
3334,47,206
3335,47,205
3336,47,204
3337,46,211
3338,46,210
3339,46,209
3340,46,208
3341,46,207
3342,46,206
3343,45,212
3344,45,211
3345,45,210
3346,45,209
3347,45,208
3348,45,207
3349,44,214
3350,44,213
3351,44,212
3352,44,211
3353,44,210
3354,44,209
3355,44,208
3356,43,215
3357,43,214
3358,43,213
3359,43,212
3360,43,211
3361,43,210
3362,43,209
3363,42,216
3364,42,215
3365,42,214
3366,42,213
3367,42,212
3368,42,211
3369,40,218
3370,40,217
3371,40,216
3372,40,215
3373,40,214
3374,40,213
3375,39,219
3376,39,218
3377,39,217
3378,39,216
3379,39,215
3380,39,214
3381,38,219
3382,38,218
3383,38,217
3384,38,216
3385,37,220
3386,37,219
3387,37,218
3388,37,217
3389,37,216
3390,36,220
3391,36,219
3392,36,218
3393,36,217
3394,35,221
3395,35,220
3396,35,219
3397,35,218
3398,35,217
3399,34,222
3400,34,221
3401,34,220
3402,34,219
3403,34,218
3404,33,222
3405,33,221
3406,33,220
3407,33,219
3408,33,218
3409,32,223
3410,32,222
3411,32,221
3412,32,220
3413,32,219
3414,31,223
3415,31,222
3416,31,221
3417,31,220
3418,30,224
3419,30,223
3420,30,222
3421,30,221
3422,30,220
3423,29,224
3424,29,223
3425,29,222
3426,29,221
3427,28,225
3428,28,224
3429,28,223
3430,28,222
3431,28,221
3432,27,226
3433,27,225
3434,27,224
3435,27,223
3436,27,222
3437,26,226
3438,26,225
3439,26,224
3440,26,223
3441,26,222
3442,25,227
3443,25,226
3444,25,225
3445,25,224
3446,25,223
3447,24,227
3448,24,226
3449,24,225
3450,24,224
3451,23,228
3452,23,227
3453,23,226
3454,23,225
3455,23,224
3456,22,228
3457,22,227
3458,22,226
3459,22,225
3460,21,229
3461,21,228
3462,21,227
3463,21,226
3464,21,225
3465,20,230
3466,20,229
3467,20,228
3468,20,227
3469,20,226
3470,19,230
3471,19,229
3472,19,228
3473,19,227
3474,18,231
3475,18,230
3476,18,229
3477,18,228
3478,18,227
3479,17,231
3480,17,230
3481,17,229
3482,17,228
3483,16,232
3484,16,231
3485,16,230
3486,16,229
3487,16,228
3488,15,232
3489,15,231
3490,15,230
3491,15,229
3492,14,233
3493,14,232
3494,14,231
3495,14,230
3496,14,229
3497,13,234
3498,13,233
3499,13,232
3500,13,231
3501,13,230
3502,12,234
3503,12,233
3504,12,232
3505,12,231
3506,12,230
3507,11,235
3508,11,234
3509,11,233
3510,11,232
3511,11,231
3512,10,235
3513,10,234
3514,10,233
3515,10,232
3516,9,236
3517,9,235
3518,9,234
3519,9,233
3520,9,232
3521,8,236
3522,8,235
3523,8,234
3524,8,233
3525,7,237
3526,7,236
3527,7,235
3528,7,234
3529,7,233
3530,6,237
3531,6,236
3532,6,235
3533,6,234
3534,5,238
3535,5,237
3536,5,236
3537,5,235
3538,5,234
3539,4,238
3540,4,237
3541,4,236
3542,4,235
3543,3,237
3544,3,236
